accuracy,precision_macro,recall_macro,f1_macro
0.813953488372093,0.7945601851851851,0.8029761904761905,0.7982404692082111
0.7906976744186046,0.770935960591133,0.7619047619047619,0.7658802177858439
0.8604651162790697,0.8764204545454546,0.8154761904761905,0.8346153846153846
0.8372093023255814,0.8238916256157636,0.8130952380952381,0.8179068360556563
0.813953488372093,0.7974137931034483,0.7875,0.7918935269207501
0.813953488372093,0.8012820512820513,0.7797619047619048,0.7881773399014778
0.8023255813953488,0.7831215970961887,0.7785714285714285,0.7807109644517773
0.8023255813953488,0.7824471126357919,0.7940476190476191,0.7870977137032182
0.8837209302325582,0.8768472906403941,0.8642857142857143,0.8699334543254689
0.8255813953488372,0.8180327868852459,0.7886904761904762,0.7995337995337995
0.8372093023255814,0.8238916256157636,0.8130952380952381,0.8179068360556563
0.8255813953488372,0.8362637362637362,0.7732142857142856,0.790957705396208
0.7790697674418605,0.756891495601173,0.7607142857142857,0.7586767094963816
0.7558139534883721,0.7332761578044598,0.7428571428571429,0.7370030581039755
0.8488372093023255,0.8396107972379159,0.8220238095238095,0.8294431731502669
0.8255813953488372,0.8081232492997199,0.8273809523809523,0.8145219266714594
0.8255813953488372,0.8081232492997199,0.8273809523809523,0.8145219266714594
0.8372093023255814,0.8238916256157636,0.8130952380952381,0.8179068360556563
0.8372093023255814,0.8194444444444444,0.8285714285714285,0.8234604105571848
0.8372093023255814,0.8288461538461538,0.8053571428571429,0.8146551724137931
0.8372093023255814,0.8238916256157636,0.8130952380952381,0.8179068360556563
0.8604651162790697,0.8464285714285715,0.8464285714285715,0.8464285714285715
0.7906976744186046,0.7733333333333333,0.7928571428571429,0.7787307032590052
0.8372093023255814,0.8360215053763441,0.7976190476190477,0.8110483364720653
0.7674418604651163,0.7447916666666667,0.7517857142857143,0.7478005865102639
0.8488372093023255,0.8351482153660013,0.8297619047619048,0.832308384580771
0.7906976744186046,0.7737179487179486,0.7541666666666667,0.7616995073891626
0.8255813953488372,0.8081232492997199,0.8273809523809523,0.8145219266714594
0.8488372093023255,0.8351482153660013,0.8297619047619048,0.832308384580771
0.8604651162790697,0.8438914027149321,0.861904761904762,0.8506944444444444
