image,x1,y1,x2,y2
images/461339/extra_03.jpg,48,42,124,83
images/78432/extra_02.jpg,769,1653,1480,2040
images/52027/primary.jpg,0,0,2911,3880
images/77344/primary.jpg,29,11,244,216
images/42243/extra_01.jpg,0,0,2911,3880
images/42243/primary.jpg,0,0,2911,3880
images/653045/extra_01.jpg,0,0,2911,3880
images/653045/primary.jpg,0,0,2911,3880
images/42482/primary.jpg,0,0,3811,3029
images/42450/primary.jpg,0,0,2912,3880
images/46932/primary.jpg,1065,535,1791,2839
images/52049/primary.jpg,0,0,2911,3880
images/206401/extra_01.jpg,0,0,3811,3049
images/206401/primary.jpg,0,0,3811,3049
images/42315/extra_01.jpg,0,0,3893,2921
images/42315/primary.jpg,0,0,3893,2921
images/461494/extra_01.jpg,0,0,3911,2934
images/461494/extra_02.jpg,56,59,72,359
images/77343/primary.jpg,43,20,129,151
images/42356/primary.jpg,0,0,2870,3880
images/44744/primary.jpg,0,0,2912,3880
images/42447/extra_04.jpg,0,0,2911,3880
images/42447/extra_01.jpg,0,0,2911,3880
images/42447/extra_03.jpg,0,0,2911,3880
images/42447/primary.jpg,0,0,2911,3880
images/50919/primary.jpg,0,0,1457,1941
images/208282/primary.jpg,12,0,2027,2006
images/77325/primary.jpg,87,4,111,47
images/50739/primary.jpg,418,77,961,1949
images/42512/primary.jpg,0,0,2974,3722
images/47295/extra_04.jpg,651,2061,2195,2955
images/47295/primary.jpg,667,1384,1991,1931
images/461242/extra_01.jpg,0,0,3911,2934
images/42508/primary.jpg,0,0,3811,3049
images/52028/primary.jpg,0,0,2911,3880
images/52777/extra_04.jpg,0,0,2911,3880
images/52777/extra_05.jpg,0,0,2911,3880
images/42476/extra_01.jpg,0,0,2801,3880
images/77324/primary.jpg,73,24,94,60
