epoch,train_loss_mean,train_loss_std,val_loss_mean,val_loss_std,train_acc_mean,train_acc_std,val_acc_mean,val_acc_std
1,0.7825,0.036062445840514,0.6885,0.01202081528017124,0.5305,0.10677312395916863,0.505,0.15697770542341352
2,0.718,0.059396969619670004,0.7265,0.06858935777509509,0.677,0.028284271247461888,0.672,0.021213203435596444
3,0.7195,0.04596194077712555,0.681,0.01979898987322323,0.5,0.17819090885900998,0.47,0.14990663761154804
4,0.676,0.007071067811865481,0.6745,0.033234018715767685,0.394,0.04242640687119287,0.399,0.03535533905932739
5,0.65,0.012727922061357866,0.6635,0.028991378028648512,0.7424999999999999,0.036062445840514,0.692,0.09333809511662425
6,0.633,0.008485281374238578,0.6699999999999999,0.05515432893255071,0.778,0.0,0.712,0.03535533905932729
7,0.618,0.04242640687119289,0.649,0.038183766184073605,0.7575000000000001,0.0997020561473031,0.6615,0.07848885271170676
8,0.5914999999999999,0.024748737341529225,0.641,0.039597979746446695,0.6665,0.11384419177103418,0.586,0.15697770542341352
9,0.5745,0.038890872965260066,0.636,0.03252691193458122,0.7825,0.05020458146424484,0.6715,0.10677312395916869
10,0.5665,0.009192388155425047,0.639,0.03111269837220812,0.808,0.014142135623730845,0.722,0.021213203435596444
11,0.5415000000000001,0.010606601717798262,0.6365000000000001,0.04879036790187178,0.8385,0.028991378028648512,0.722,0.03535533905932741
12,0.5275000000000001,0.014849242404917471,0.624,0.04101219330881979,0.838,0.014142135623730963,0.717,0.014142135623730963
13,0.534,0.008485281374238578,0.6174999999999999,0.03747665940288709,0.833,0.007071067811865481,0.6970000000000001,0.042426406871192854
14,0.502,0.01555634918610406,0.6255,0.026162950903902322,0.813,0.021213203435596326,0.6865,0.07141778489984128
15,0.515,0.024041630560342638,0.621,0.03111269837220812,0.8585,0.014849242404917551,0.7424999999999999,0.021920310216782955
16,0.481,0.014142135623730963,0.6154999999999999,0.04596194077712567,0.8585,0.014849242404917471,0.727,0.0
17,0.491,0.007071067811865481,0.613,0.04666904755831218,0.8585,0.028991378028648436,0.722,0.007071067811865481
18,0.483,0.012727922061357866,0.608,0.04242640687119289,0.8280000000000001,0.028284271247461888,0.6865,0.05727564927611032
19,0.4735,0.006363961030678933,0.608,0.04242640687119289,0.823,0.03535533905932729,0.6915,0.0643467170879758
20,0.459,0.005656854249492385,0.609,0.04525483399593908,0.889,0.0,0.727,0.014142135623730963
21,0.4465,0.0007071067811865482,0.616,0.05091168824543146,0.874,0.021213203435596444,0.737,0.014142135623730963
22,0.4555,0.0021213203435596446,0.606,0.049497474683058366,0.869,0.014142135623730963,0.727,0.014142135623730963
23,0.4365,0.0021213203435596446,0.6,0.048083261120685276,0.8534999999999999,0.007778174593052069,0.702,0.021213203435596326
24,0.446,0.016970562748477157,0.6005,0.04737615433949869,0.8534999999999999,0.03606244584051392,0.712,0.03535533905932729
25,0.448,0.009899494936611674,0.5994999999999999,0.04879036790187186,0.869,0.014142135623730963,0.717,0.028284271247461926
26,0.422,0.004242640687119289,0.5994999999999999,0.04879036790187186,0.869,0.014142135623730963,0.717,0.014142135623730963
27,0.4375,0.01626345596729061,0.5985,0.053033008588991036,0.879,0.014142135623730963,0.722,0.021213203435596444
28,0.4215,0.004949747468305837,0.595,0.05374011537017762,0.864,0.007071067811865481,0.702,0.007071067811865481
29,0.415,,0.562,,0.899,,0.747,
30,0.406,,0.556,,0.909,,0.717,
31,0.422,,0.55,,0.879,,0.717,
32,0.42,,0.551,,0.899,,0.717,
33,0.401,,0.556,,0.889,,0.737,
34,0.387,,0.559,,0.919,,0.768,
35,0.378,,0.549,,0.889,,0.727,
36,0.394,,0.546,,0.909,,0.717,
37,0.389,,0.541,,0.909,,0.737,
38,0.384,,0.543,,0.929,,0.727,
39,0.357,,0.556,,0.869,,0.747,
40,0.359,,0.551,,0.909,,0.737,
41,0.359,,0.537,,0.879,,0.737,
42,0.363,,0.537,,0.919,,0.737,
43,0.364,,0.556,,0.919,,0.737,
44,0.377,,0.551,,0.899,,0.747,
45,0.369,,0.534,,0.909,,0.737,
46,0.38,,0.535,,0.879,,0.768,
47,0.349,,0.532,,0.909,,0.747,
48,0.373,,0.548,,0.929,,0.758,
49,0.335,,0.573,,0.929,,0.758,
50,0.36,,0.535,,0.889,,0.737,
51,0.384,,0.532,,0.869,,0.747,
52,0.37,,0.529,,0.909,,0.747,
53,0.33,,0.571,,0.919,,0.768,
54,0.367,,0.554,,0.919,,0.747,
55,0.341,,0.527,,0.899,,0.758,
